image,bbox,mask1_score,mask2_score,mask3_score,best_mask,best_score
sample.jpg,"[178,833,2001,835]",0.8460766673088074,0.6846659779548645,0.44604581594467163,1,0.8460766673088074
